Product Name,Price,Rating,Reviews,Product Link,Image URL
Apple Airpods 4 (Renewed),,4.3,936,https://www.amazon.com/Apple-A3053-Airpods-4-Renewed/dp/B0DJMFS75S/ref=sr_1_1?dib=eyJ2IjoiMSJ9.l29loPBQiJ0AgK63OlV2F1w4ZtL-y0vVsaTEcyt7-ybVCLfcIStHFW0n8kZRr120KxUsMT09jGLVy4zqt-c3IMPkRDqaKF30vrgZY0A2jtYL0GLzf9RSZPSce_rpYE6Hy6i156OWoPR3uv77I3m7KZIayzALLlBPSYgUMuUPc-KvtT0ZtCK5gWQReFfxpTD93IducUVKLSMH34W5TDJXSMOF1KgkrM3sLuFMCGtzxUU.Q4bPpR9XLArgRTZIXITr55Kus48AsgpcwZyBkQ_tQmA&dib_tag=se&keywords=apple+airpods&qid=1782668805&sr=8-1,https://m.media-amazon.com/images/I/41JfdFBHleL._AC_UY218_.jpg
"Apple AirPods 4 Wireless Earbuds, Bluetooth Headphones, with Active Noise Cancellation (Renewed)",,4.4,720,https://www.amazon.com/Apple-Wireless-Bluetooth-Headphones-Cancellation/dp/B0DLY219Q7/ref=sr_1_2?dib=eyJ2IjoiMSJ9.l29loPBQiJ0AgK63OlV2F1w4ZtL-y0vVsaTEcyt7-ybVCLfcIStHFW0n8kZRr120KxUsMT09jGLVy4zqt-c3IMPkRDqaKF30vrgZY0A2jtYL0GLzf9RSZPSce_rpYE6Hy6i156OWoPR3uv77I3m7KZIayzALLlBPSYgUMuUPc-KvtT0ZtCK5gWQReFfxpTD93IducUVKLSMH34W5TDJXSMOF1KgkrM3sLuFMCGtzxUU.Q4bPpR9XLArgRTZIXITr55Kus48AsgpcwZyBkQ_tQmA&dib_tag=se&keywords=apple+airpods&qid=1782668805&sr=8-2,https://m.media-amazon.com/images/I/41JfdFBHleL._AC_UY218_.jpg
Apple AirPods Pro Wireless Earbuds with MagSafe Charging Case (Renewed),,3.5,4600,https://www.amazon.com/Apple-AirPods-Wireless-Earbuds-Charging/dp/B0B844T634/ref=sr_1_3?dib=eyJ2IjoiMSJ9.l29loPBQiJ0AgK63OlV2F1w4ZtL-y0vVsaTEcyt7-ybVCLfcIStHFW0n8kZRr120KxUsMT09jGLVy4zqt-c3IMPkRDqaKF30vrgZY0A2jtYL0GLzf9RSZPSce_rpYE6Hy6i156OWoPR3uv77I3m7KZIayzALLlBPSYgUMuUPc-KvtT0ZtCK5gWQReFfxpTD93IducUVKLSMH34W5TDJXSMOF1KgkrM3sLuFMCGtzxUU.Q4bPpR9XLArgRTZIXITr55Kus48AsgpcwZyBkQ_tQmA&dib_tag=se&keywords=apple+airpods&qid=1782668805&sr=8-3,https://m.media-amazon.com/images/I/41hofkZHlvL._AC_UY218_.jpg
Apple AirPods Pro (3nd Generation) (Renewed),,4.4,160,https://www.amazon.com/Apple-AirPods-Pro-Generation-Renewed/dp/B0FRB8FXK5/ref=sr_1_4?dib=eyJ2IjoiMSJ9.l29loPBQiJ0AgK63OlV2F1w4ZtL-y0vVsaTEcyt7-ybVCLfcIStHFW0n8kZRr120KxUsMT09jGLVy4zqt-c3IMPkRDqaKF30vrgZY0A2jtYL0GLzf9RSZPSce_rpYE6Hy6i156OWoPR3uv77I3m7KZIayzALLlBPSYgUMuUPc-KvtT0ZtCK5gWQReFfxpTD93IducUVKLSMH34W5TDJXSMOF1KgkrM3sLuFMCGtzxUU.Q4bPpR9XLArgRTZIXITr55Kus48AsgpcwZyBkQ_tQmA&dib_tag=se&keywords=apple+airpods&qid=1782668805&sr=8-4,https://m.media-amazon.com/images/I/61solmQSSlL._AC_UY218_.jpg
"Wireless Earbuds, Bluetooth 5.3 Headphones HiFi Stereo 50H Playback LED Digital Display Ear Buds with ENC Noise Canceling Headset, IPX7 Waterproof Earphones for Gym/Running/Work (White)",5555.95,4.8,127,https://www.amazon.com/Fhumsh-Bluetooth-Headphones-Canceling-Waterproof/dp/B0H2VWNKN6/ref=sr_1_5?dib=eyJ2IjoiMSJ9.l29loPBQiJ0AgK63OlV2F1w4ZtL-y0vVsaTEcyt7-ybVCLfcIStHFW0n8kZRr120KxUsMT09jGLVy4zqt-c3IMPkRDqaKF30vrgZY0A2jtYL0GLzf9RSZPSce_rpYE6Hy6i156OWoPR3uv77I3m7KZIayzALLlBPSYgUMuUPc-KvtT0ZtCK5gWQReFfxpTD93IducUVKLSMH34W5TDJXSMOF1KgkrM3sLuFMCGtzxUU.Q4bPpR9XLArgRTZIXITr55Kus48AsgpcwZyBkQ_tQmA&dib_tag=se&keywords=apple+airpods&qid=1782668805&sr=8-5,https://m.media-amazon.com/images/I/61P4QAI28CL._AC_UY218_.jpg
Bucephalus,4448.66,4.6,88,https://www.amazon.com/Bucephalus-Bluetooth-Touchscreen-Cancelling-Compatible/dp/B0H1BGYMD5/ref=sr_1_6?dib=eyJ2IjoiMSJ9.l29loPBQiJ0AgK63OlV2F1w4ZtL-y0vVsaTEcyt7-ybVCLfcIStHFW0n8kZRr120KxUsMT09jGLVy4zqt-c3IMPkRDqaKF30vrgZY0A2jtYL0GLzf9RSZPSce_rpYE6Hy6i156OWoPR3uv77I3m7KZIayzALLlBPSYgUMuUPc-KvtT0ZtCK5gWQReFfxpTD93IducUVKLSMH34W5TDJXSMOF1KgkrM3sLuFMCGtzxUU.Q4bPpR9XLArgRTZIXITr55Kus48AsgpcwZyBkQ_tQmA&dib_tag=se&keywords=apple+airpods&qid=1782668805&sr=8-6,https://m.media-amazon.com/images/I/61UhjNWNvbL._AC_UY218_.jpg
HAOYUYAN,6949.81,4.7,261,https://www.amazon.com/HAOYUYAN-Bluetooth-Headphones-Canceling-Waterproof/dp/B0H35GBG5V/ref=sr_1_7?dib=eyJ2IjoiMSJ9.l29loPBQiJ0AgK63OlV2F1w4ZtL-y0vVsaTEcyt7-ybVCLfcIStHFW0n8kZRr120KxUsMT09jGLVy4zqt-c3IMPkRDqaKF30vrgZY0A2jtYL0GLzf9RSZPSce_rpYE6Hy6i156OWoPR3uv77I3m7KZIayzALLlBPSYgUMuUPc-KvtT0ZtCK5gWQReFfxpTD93IducUVKLSMH34W5TDJXSMOF1KgkrM3sLuFMCGtzxUU.Q4bPpR9XLArgRTZIXITr55Kus48AsgpcwZyBkQ_tQmA&dib_tag=se&keywords=apple+airpods&qid=1782668805&sr=8-7,https://m.media-amazon.com/images/I/71cmAChhQKL._AC_UY218_.jpg
"Wireless Earbuds, Bluetooth 5.4 Headphones Bass Stereo, Ear Buds with Noise Cancelling Mic, LED Display in Ear Earphones Clear Calls, IP7 Waterproof Bluetooth Earbuds for Phones/Sports/Laptop, White",6674.38,4.4,58100,https://www.amazon.com/Bluetooth-Headphones-Cancelling-Earphones-Waterproof/dp/B0FHWKYT89/ref=sr_1_8?dib=eyJ2IjoiMSJ9.l29loPBQiJ0AgK63OlV2F1w4ZtL-y0vVsaTEcyt7-ybVCLfcIStHFW0n8kZRr120KxUsMT09jGLVy4zqt-c3IMPkRDqaKF30vrgZY0A2jtYL0GLzf9RSZPSce_rpYE6Hy6i156OWoPR3uv77I3m7KZIayzALLlBPSYgUMuUPc-KvtT0ZtCK5gWQReFfxpTD93IducUVKLSMH34W5TDJXSMOF1KgkrM3sLuFMCGtzxUU.Q4bPpR9XLArgRTZIXITr55Kus48AsgpcwZyBkQ_tQmA&dib_tag=se&keywords=apple+airpods&qid=1782668805&sr=8-8,https://m.media-amazon.com/images/I/61HyQ94QVGL._AC_UY218_.jpg
Apple AirPods Pro (2nd generation) with MagSafe Charging Case (USB-C) (Renewed),39781.96,4.4,2400,https://www.amazon.com/Apple-AirPods-generation-MagSafe-Charging/dp/B0CP4CG1ZB/ref=sr_1_9?dib=eyJ2IjoiMSJ9.l29loPBQiJ0AgK63OlV2F1w4ZtL-y0vVsaTEcyt7-ybVCLfcIStHFW0n8kZRr120KxUsMT09jGLVy4zqt-c3IMPkRDqaKF30vrgZY0A2jtYL0GLzf9RSZPSce_rpYE6Hy6i156OWoPR3uv77I3m7KZIayzALLlBPSYgUMuUPc-KvtT0ZtCK5gWQReFfxpTD93IducUVKLSMH34W5TDJXSMOF1KgkrM3sLuFMCGtzxUU.Q4bPpR9XLArgRTZIXITr55Kus48AsgpcwZyBkQ_tQmA&dib_tag=se&keywords=apple+airpods&qid=1782668805&sr=8-9,https://m.media-amazon.com/images/I/61SUj2aKoEL._AC_UY218_.jpg
Apple AirPods 2 with Charging Case - White (Renewed),21169.38,3.9,19000,https://www.amazon.com/Apple-AirPods-Charging-Case-Renewed/dp/B07SKLLYTW/ref=sr_1_10?dib=eyJ2IjoiMSJ9.l29loPBQiJ0AgK63OlV2F1w4ZtL-y0vVsaTEcyt7-ybVCLfcIStHFW0n8kZRr120KxUsMT09jGLVy4zqt-c3IMPkRDqaKF30vrgZY0A2jtYL0GLzf9RSZPSce_rpYE6Hy6i156OWoPR3uv77I3m7KZIayzALLlBPSYgUMuUPc-KvtT0ZtCK5gWQReFfxpTD93IducUVKLSMH34W5TDJXSMOF1KgkrM3sLuFMCGtzxUU.Q4bPpR9XLArgRTZIXITr55Kus48AsgpcwZyBkQ_tQmA&dib_tag=se&keywords=apple+airpods&qid=1782668805&sr=8-10,https://m.media-amazon.com/images/I/41XjE57VLvL._AC_UY218_.jpg
JBL,,4.2,10200,https://www.amazon.com/JBL-Tune-Buds-Wireless-Cancelling/dp/B0C1QDNP2G/ref=sr_1_11?dib=eyJ2IjoiMSJ9.l29loPBQiJ0AgK63OlV2F1w4ZtL-y0vVsaTEcyt7-ybVCLfcIStHFW0n8kZRr120KxUsMT09jGLVy4zqt-c3IMPkRDqaKF30vrgZY0A2jtYL0GLzf9RSZPSce_rpYE6Hy6i156OWoPR3uv77I3m7KZIayzALLlBPSYgUMuUPc-KvtT0ZtCK5gWQReFfxpTD93IducUVKLSMH34W5TDJXSMOF1KgkrM3sLuFMCGtzxUU.Q4bPpR9XLArgRTZIXITr55Kus48AsgpcwZyBkQ_tQmA&dib_tag=se&keywords=apple+airpods&qid=1782668805&sr=8-11,https://m.media-amazon.com/images/I/51e5NZdtmhL._AC_UY218_.jpg
Apple,,4.8,931,https://www.amazon.com/Apple-Headphones-Cancellation-Transparency-Personalized/dp/B0DGVT3T92/ref=sr_1_12?dib=eyJ2IjoiMSJ9.l29loPBQiJ0AgK63OlV2F1w4ZtL-y0vVsaTEcyt7-ybVCLfcIStHFW0n8kZRr120KxUsMT09jGLVy4zqt-c3IMPkRDqaKF30vrgZY0A2jtYL0GLzf9RSZPSce_rpYE6Hy6i156OWoPR3uv77I3m7KZIayzALLlBPSYgUMuUPc-KvtT0ZtCK5gWQReFfxpTD93IducUVKLSMH34W5TDJXSMOF1KgkrM3sLuFMCGtzxUU.Q4bPpR9XLArgRTZIXITr55Kus48AsgpcwZyBkQ_tQmA&dib_tag=se&keywords=apple+airpods&qid=1782668805&sr=8-12,https://m.media-amazon.com/images/I/614HncE30VL._AC_UY218_.jpg
Apple AirPods Pro 3rd Gen - Right Replacement AirPod (A3063) - White (Renewed),,3.8,12,https://www.amazon.com/Apple-AirPods-Pro-3rd-Gen/dp/B0GP7L9HX6/ref=sr_1_13?dib=eyJ2IjoiMSJ9.l29loPBQiJ0AgK63OlV2F1w4ZtL-y0vVsaTEcyt7-ybVCLfcIStHFW0n8kZRr120KxUsMT09jGLVy4zqt-c3IMPkRDqaKF30vrgZY0A2jtYL0GLzf9RSZPSce_rpYE6Hy6i156OWoPR3uv77I3m7KZIayzALLlBPSYgUMuUPc-KvtT0ZtCK5gWQReFfxpTD93IducUVKLSMH34W5TDJXSMOF1KgkrM3sLuFMCGtzxUU.Q4bPpR9XLArgRTZIXITr55Kus48AsgpcwZyBkQ_tQmA&dib_tag=se&keywords=apple+airpods&qid=1782668805&sr=8-13,https://m.media-amazon.com/images/I/51OetQGk8XL._AC_UY218_.jpg
JBL,16678.99,4.2,13900,https://www.amazon.com/JBL-Tune-Flex-Wireless-Cancelling/dp/B0C1QDR7HP/ref=sr_1_14?dib=eyJ2IjoiMSJ9.l29loPBQiJ0AgK63OlV2F1w4ZtL-y0vVsaTEcyt7-ybVCLfcIStHFW0n8kZRr120KxUsMT09jGLVy4zqt-c3IMPkRDqaKF30vrgZY0A2jtYL0GLzf9RSZPSce_rpYE6Hy6i156OWoPR3uv77I3m7KZIayzALLlBPSYgUMuUPc-KvtT0ZtCK5gWQReFfxpTD93IducUVKLSMH34W5TDJXSMOF1KgkrM3sLuFMCGtzxUU.Q4bPpR9XLArgRTZIXITr55Kus48AsgpcwZyBkQ_tQmA&dib_tag=se&keywords=apple+airpods&qid=1782668805&sr=8-14,https://m.media-amazon.com/images/I/51zOBaxnh1L._AC_UY218_.jpg
"Wireless Earbuds Pro 3, Bluetooth 5.3 Noise Cancelling Ear buds with ANC,Immersive Stereo Sound,ENC Clear Calls,30H Playtime,IPX5 Waterproof,Touch Control,In-Ear Headphones for iPhone/ Android (white)",11929.86,4.1,93,https://www.amazon.com/Pro-Cancelling-ANC-Waterproof-Headphones/dp/B0GSQX3TY6/ref=sr_1_15?dib=eyJ2IjoiMSJ9.l29loPBQiJ0AgK63OlV2F1w4ZtL-y0vVsaTEcyt7-ybVCLfcIStHFW0n8kZRr120KxUsMT09jGLVy4zqt-c3IMPkRDqaKF30vrgZY0A2jtYL0GLzf9RSZPSce_rpYE6Hy6i156OWoPR3uv77I3m7KZIayzALLlBPSYgUMuUPc-KvtT0ZtCK5gWQReFfxpTD93IducUVKLSMH34W5TDJXSMOF1KgkrM3sLuFMCGtzxUU.Q4bPpR9XLArgRTZIXITr55Kus48AsgpcwZyBkQ_tQmA&dib_tag=se&keywords=apple+airpods&qid=1782668805&sr=8-15,https://m.media-amazon.com/images/I/51KugUVWPhL._AC_UY218_.jpg
"Wireless Earbuds for iPhone, 5.3 Bluetooth Headphones for Apple Earbuds Wireless, ENC Noise Cancelling 40Hrs Playback in Ear Air Buds Pods HiFi Bass for iPhone 17 16 15/iPad/PC/Laptop/Switch/White",4170.44,4.2,359,https://www.amazon.com/Wireless-Earbuds-Bluetooth-Headphones-Cancelling/dp/B0F98W66B7/ref=sr_1_16?dib=eyJ2IjoiMSJ9.l29loPBQiJ0AgK63OlV2F1w4ZtL-y0vVsaTEcyt7-ybVCLfcIStHFW0n8kZRr120KxUsMT09jGLVy4zqt-c3IMPkRDqaKF30vrgZY0A2jtYL0GLzf9RSZPSce_rpYE6Hy6i156OWoPR3uv77I3m7KZIayzALLlBPSYgUMuUPc-KvtT0ZtCK5gWQReFfxpTD93IducUVKLSMH34W5TDJXSMOF1KgkrM3sLuFMCGtzxUU.Q4bPpR9XLArgRTZIXITr55Kus48AsgpcwZyBkQ_tQmA&dib_tag=se&keywords=apple+airpods&qid=1782668805&sr=8-16,https://m.media-amazon.com/images/I/51Xjq-hVVVL._AC_UY218_.jpg
"Wireless Earbuds, Bluetooth 5.4 Headphones Bass Stereo, Ear Buds with Noise Cancelling Mic, LED Display in Ear Earphones Clear Calls, IP7 Waterproof Bluetooth Earbuds for Phones/Sports/Laptop, White",6674.38,4.4,58100,https://www.amazon.com/Bluetooth-Headphones-Cancelling-Earphones-Waterproof/dp/B0FHWKYT89/ref=sr_1_19?dib=eyJ2IjoiMSJ9.SxbYxQwxcMGz5FBkqPtsh9NPt0nJO-9Ns-x6jYnA_U5uxaypG6VU6gte78rpu2rP3hhtRl9YknswvOtSIMUU7pAHHHlAYxGmRdKTPzF5Nl9FYetwl-huWuZusanDjnrR3pZjHkjZalEKZxCSAvJ2FaN0RevoQ0wdO731d8Fgluxdf24MjNZwHATG4lR9kBF-knDCBClmBc5-p5dheb4hakxeVnl8Euf0kCAtSe3pSFA.skft-zA5zI1rRNuz1FQDifMdnKwHzVdhw0MI-9G0q5Q&dib_tag=se&keywords=apple+airpods&qid=1782668807,https://m.media-amazon.com/images/I/61HyQ94QVGL._AC_UY218_.jpg
Beats,35539.18,4.2,32200,https://www.amazon.com/Beats-Fit-Pro-Cancelling-Built/dp/B09JL5CY5Z/ref=sr_1_20?dib=eyJ2IjoiMSJ9.SxbYxQwxcMGz5FBkqPtsh9NPt0nJO-9Ns-x6jYnA_U5uxaypG6VU6gte78rpu2rP3hhtRl9YknswvOtSIMUU7pAHHHlAYxGmRdKTPzF5Nl9FYetwl-huWuZusanDjnrR3pZjHkjZalEKZxCSAvJ2FaN0RevoQ0wdO731d8Fgluxdf24MjNZwHATG4lR9kBF-knDCBClmBc5-p5dheb4hakxeVnl8Euf0kCAtSe3pSFA.skft-zA5zI1rRNuz1FQDifMdnKwHzVdhw0MI-9G0q5Q&dib_tag=se&keywords=apple+airpods&qid=1782668807,https://m.media-amazon.com/images/I/51TUzSTqXEL._AC_UY218_.jpg
"Wireless Ear Buds Airpod Pro (2nd Generation), Bluetooth Headphones with Charging Case Included, Over 42 Hours of Battery Life, Effortless Setup for iOS/Android",11123.04,3.8,43,https://www.amazon.com/AOLBSPD-Pro-Generation-Headphones-Effortless/dp/B0H13ZPQXH/ref=sr_1_21?dib=eyJ2IjoiMSJ9.SxbYxQwxcMGz5FBkqPtsh9NPt0nJO-9Ns-x6jYnA_U5uxaypG6VU6gte78rpu2rP3hhtRl9YknswvOtSIMUU7pAHHHlAYxGmRdKTPzF5Nl9FYetwl-huWuZusanDjnrR3pZjHkjZalEKZxCSAvJ2FaN0RevoQ0wdO731d8Fgluxdf24MjNZwHATG4lR9kBF-knDCBClmBc5-p5dheb4hakxeVnl8Euf0kCAtSe3pSFA.skft-zA5zI1rRNuz1FQDifMdnKwHzVdhw0MI-9G0q5Q&dib_tag=se&keywords=apple+airpods&qid=1782668807,https://m.media-amazon.com/images/I/51ViVc2ctLL._AC_UY218_.jpg
Soundcore,6741.15,4.4,109100,https://www.amazon.com/Soundcore-Wireless-Bluetooth-Water-Resistant-Customization/dp/B0BTYCJXBK/ref=sr_1_22?dib=eyJ2IjoiMSJ9.SxbYxQwxcMGz5FBkqPtsh9NPt0nJO-9Ns-x6jYnA_U5uxaypG6VU6gte78rpu2rP3hhtRl9YknswvOtSIMUU7pAHHHlAYxGmRdKTPzF5Nl9FYetwl-huWuZusanDjnrR3pZjHkjZalEKZxCSAvJ2FaN0RevoQ0wdO731d8Fgluxdf24MjNZwHATG4lR9kBF-knDCBClmBc5-p5dheb4hakxeVnl8Euf0kCAtSe3pSFA.skft-zA5zI1rRNuz1FQDifMdnKwHzVdhw0MI-9G0q5Q&dib_tag=se&keywords=apple+airpods&qid=1782668807,https://m.media-amazon.com/images/I/41hED0cR6tL._AC_UY218_.jpg
"2 Pack-USB C Headphones for iPhone 17/16/15 Earbuds USB C Wired Earphones with Mic & Remote Control Noise Cancelling for iPhone 15, iPad Pro, Galaxy S23/S22/S21/S20/Ultra Note 10/20, Pixel 7/6/6a/5/4",4487.61,3.9,1100,https://www.amazon.com/Pack-USB-Headphones-Earbuds-Earphones-Cancelling/dp/B0DRDC2JGX/ref=sr_1_23?dib=eyJ2IjoiMSJ9.SxbYxQwxcMGz5FBkqPtsh9NPt0nJO-9Ns-x6jYnA_U5uxaypG6VU6gte78rpu2rP3hhtRl9YknswvOtSIMUU7pAHHHlAYxGmRdKTPzF5Nl9FYetwl-huWuZusanDjnrR3pZjHkjZalEKZxCSAvJ2FaN0RevoQ0wdO731d8Fgluxdf24MjNZwHATG4lR9kBF-knDCBClmBc5-p5dheb4hakxeVnl8Euf0kCAtSe3pSFA.skft-zA5zI1rRNuz1FQDifMdnKwHzVdhw0MI-9G0q5Q&dib_tag=se&keywords=apple+airpods&qid=1782668807,https://m.media-amazon.com/images/I/61fGxlVlLLL._AC_UY218_.jpg
Bose,,4.0,2700,https://www.amazon.com/Bose-New-QuietComfort-Ultra-Earbuds/dp/B0FDKS5NN7/ref=sr_1_24?dib=eyJ2IjoiMSJ9.SxbYxQwxcMGz5FBkqPtsh9NPt0nJO-9Ns-x6jYnA_U5uxaypG6VU6gte78rpu2rP3hhtRl9YknswvOtSIMUU7pAHHHlAYxGmRdKTPzF5Nl9FYetwl-huWuZusanDjnrR3pZjHkjZalEKZxCSAvJ2FaN0RevoQ0wdO731d8Fgluxdf24MjNZwHATG4lR9kBF-knDCBClmBc5-p5dheb4hakxeVnl8Euf0kCAtSe3pSFA.skft-zA5zI1rRNuz1FQDifMdnKwHzVdhw0MI-9G0q5Q&dib_tag=se&keywords=apple+airpods&qid=1782668807,https://m.media-amazon.com/images/I/51+t3FkPxuL._AC_UY218_.jpg
Apple,,5.0,12,https://www.amazon.com/Apple-Generation-Wireless-Charging-Warranty/dp/B0DFD1SHBS/ref=sr_1_25?dib=eyJ2IjoiMSJ9.SxbYxQwxcMGz5FBkqPtsh9NPt0nJO-9Ns-x6jYnA_U5uxaypG6VU6gte78rpu2rP3hhtRl9YknswvOtSIMUU7pAHHHlAYxGmRdKTPzF5Nl9FYetwl-huWuZusanDjnrR3pZjHkjZalEKZxCSAvJ2FaN0RevoQ0wdO731d8Fgluxdf24MjNZwHATG4lR9kBF-knDCBClmBc5-p5dheb4hakxeVnl8Euf0kCAtSe3pSFA.skft-zA5zI1rRNuz1FQDifMdnKwHzVdhw0MI-9G0q5Q&dib_tag=se&keywords=apple+airpods&qid=1782668807,https://m.media-amazon.com/images/I/41QztOA1UuL._AC_UY218_.jpg
Apple,,4.5,10900,https://www.amazon.com/Apple-Cancellation-Translation-Headphones-High-Fidelity/dp/B0FQFB8FMG/ref=sr_1_26?dib=eyJ2IjoiMSJ9.SxbYxQwxcMGz5FBkqPtsh9NPt0nJO-9Ns-x6jYnA_U5uxaypG6VU6gte78rpu2rP3hhtRl9YknswvOtSIMUU7pAHHHlAYxGmRdKTPzF5Nl9FYetwl-huWuZusanDjnrR3pZjHkjZalEKZxCSAvJ2FaN0RevoQ0wdO731d8Fgluxdf24MjNZwHATG4lR9kBF-knDCBClmBc5-p5dheb4hakxeVnl8Euf0kCAtSe3pSFA.skft-zA5zI1rRNuz1FQDifMdnKwHzVdhw0MI-9G0q5Q&dib_tag=se&keywords=apple+airpods&qid=1782668807,https://m.media-amazon.com/images/I/61solmQSSlL._AC_UY218_.jpg
Apple,,4.6,31100,https://www.amazon.com/Apple-Bluetooth-Headphones-Personalized-Effortless/dp/B0DGHMNQ5Z/ref=sr_1_27?dib=eyJ2IjoiMSJ9.SxbYxQwxcMGz5FBkqPtsh9NPt0nJO-9Ns-x6jYnA_U5uxaypG6VU6gte78rpu2rP3hhtRl9YknswvOtSIMUU7pAHHHlAYxGmRdKTPzF5Nl9FYetwl-huWuZusanDjnrR3pZjHkjZalEKZxCSAvJ2FaN0RevoQ0wdO731d8Fgluxdf24MjNZwHATG4lR9kBF-knDCBClmBc5-p5dheb4hakxeVnl8Euf0kCAtSe3pSFA.skft-zA5zI1rRNuz1FQDifMdnKwHzVdhw0MI-9G0q5Q&dib_tag=se&keywords=apple+airpods&qid=1782668807,https://m.media-amazon.com/images/I/61iBtxCUabL._AC_UY218_.jpg
Apple,,4.6,21700,https://www.amazon.com/Apple-Headphones-Cancellation-Transparency-Personalized/dp/B0DGJ7HYG1/ref=sr_1_28?dib=eyJ2IjoiMSJ9.SxbYxQwxcMGz5FBkqPtsh9NPt0nJO-9Ns-x6jYnA_U5uxaypG6VU6gte78rpu2rP3hhtRl9YknswvOtSIMUU7pAHHHlAYxGmRdKTPzF5Nl9FYetwl-huWuZusanDjnrR3pZjHkjZalEKZxCSAvJ2FaN0RevoQ0wdO731d8Fgluxdf24MjNZwHATG4lR9kBF-knDCBClmBc5-p5dheb4hakxeVnl8Euf0kCAtSe3pSFA.skft-zA5zI1rRNuz1FQDifMdnKwHzVdhw0MI-9G0q5Q&dib_tag=se&keywords=apple+airpods&qid=1782668807,https://m.media-amazon.com/images/I/61iBtxCUabL._AC_UY218_.jpg
Apple AirPods Max - Space Gray (Renewed),,4.1,2600,https://www.amazon.com/Apple-AirPods-Max-Space-Renewed/dp/B08XY48BJD/ref=sr_1_29?dib=eyJ2IjoiMSJ9.SxbYxQwxcMGz5FBkqPtsh9NPt0nJO-9Ns-x6jYnA_U5uxaypG6VU6gte78rpu2rP3hhtRl9YknswvOtSIMUU7pAHHHlAYxGmRdKTPzF5Nl9FYetwl-huWuZusanDjnrR3pZjHkjZalEKZxCSAvJ2FaN0RevoQ0wdO731d8Fgluxdf24MjNZwHATG4lR9kBF-knDCBClmBc5-p5dheb4hakxeVnl8Euf0kCAtSe3pSFA.skft-zA5zI1rRNuz1FQDifMdnKwHzVdhw0MI-9G0q5Q&dib_tag=se&keywords=apple+airpods&qid=1782668807,https://m.media-amazon.com/images/I/81fSoQd7nsL._AC_UY218_.jpg
Beats,,4.0,6800,https://www.amazon.com/Beats-Cancelling-Compatibility-Microphone-Headphones/dp/B0C2WD567R/ref=sr_1_30?dib=eyJ2IjoiMSJ9.SxbYxQwxcMGz5FBkqPtsh9NPt0nJO-9Ns-x6jYnA_U5uxaypG6VU6gte78rpu2rP3hhtRl9YknswvOtSIMUU7pAHHHlAYxGmRdKTPzF5Nl9FYetwl-huWuZusanDjnrR3pZjHkjZalEKZxCSAvJ2FaN0RevoQ0wdO731d8Fgluxdf24MjNZwHATG4lR9kBF-knDCBClmBc5-p5dheb4hakxeVnl8Euf0kCAtSe3pSFA.skft-zA5zI1rRNuz1FQDifMdnKwHzVdhw0MI-9G0q5Q&dib_tag=se&keywords=apple+airpods&qid=1782668807,https://m.media-amazon.com/images/I/41cd3IYIVZL._AC_UY218_.jpg
Apple AirPods Pro - 1st Gen (Renewed),,4.1,21100,https://www.amazon.com/Apple-MWP22AM-A-cr-AirPods-Renewed/dp/B0828BJGD2/ref=sr_1_31?dib=eyJ2IjoiMSJ9.SxbYxQwxcMGz5FBkqPtsh9NPt0nJO-9Ns-x6jYnA_U5uxaypG6VU6gte78rpu2rP3hhtRl9YknswvOtSIMUU7pAHHHlAYxGmRdKTPzF5Nl9FYetwl-huWuZusanDjnrR3pZjHkjZalEKZxCSAvJ2FaN0RevoQ0wdO731d8Fgluxdf24MjNZwHATG4lR9kBF-knDCBClmBc5-p5dheb4hakxeVnl8Euf0kCAtSe3pSFA.skft-zA5zI1rRNuz1FQDifMdnKwHzVdhw0MI-9G0q5Q&dib_tag=se&keywords=apple+airpods&qid=1782668807,https://m.media-amazon.com/images/I/61suB7SdJkL._AC_UY218_.jpg
Apple AirPods Pro (2nd Generation) (Renewed),,4.2,3200,https://www.amazon.com/Apple-AirPods-Pro-Generation-Renewed/dp/B0BJQWYLYN/ref=sr_1_32?dib=eyJ2IjoiMSJ9.SxbYxQwxcMGz5FBkqPtsh9NPt0nJO-9Ns-x6jYnA_U5uxaypG6VU6gte78rpu2rP3hhtRl9YknswvOtSIMUU7pAHHHlAYxGmRdKTPzF5Nl9FYetwl-huWuZusanDjnrR3pZjHkjZalEKZxCSAvJ2FaN0RevoQ0wdO731d8Fgluxdf24MjNZwHATG4lR9kBF-knDCBClmBc5-p5dheb4hakxeVnl8Euf0kCAtSe3pSFA.skft-zA5zI1rRNuz1FQDifMdnKwHzVdhw0MI-9G0q5Q&dib_tag=se&keywords=apple+airpods&qid=1782668807,https://m.media-amazon.com/images/I/61SUj2aKoEL._AC_UY218_.jpg
Beats,,4.2,4800,https://www.amazon.com/Beats-Powerbeats-Wireless-Bluetooth-Earbuds/dp/B0DT25FKCH/ref=sr_1_33?dib=eyJ2IjoiMSJ9.SxbYxQwxcMGz5FBkqPtsh9NPt0nJO-9Ns-x6jYnA_U5uxaypG6VU6gte78rpu2rP3hhtRl9YknswvOtSIMUU7pAHHHlAYxGmRdKTPzF5Nl9FYetwl-huWuZusanDjnrR3pZjHkjZalEKZxCSAvJ2FaN0RevoQ0wdO731d8Fgluxdf24MjNZwHATG4lR9kBF-knDCBClmBc5-p5dheb4hakxeVnl8Euf0kCAtSe3pSFA.skft-zA5zI1rRNuz1FQDifMdnKwHzVdhw0MI-9G0q5Q&dib_tag=se&keywords=apple+airpods&qid=1782668807,https://m.media-amazon.com/images/I/517+-8emUXL._AC_UY218_.jpg
Bose,,3.9,8500,https://www.amazon.com/Bose-QuietComfort-Earbuds-White-Smoke/dp/B0D8BT4BRN/ref=sr_1_34?dib=eyJ2IjoiMSJ9.SxbYxQwxcMGz5FBkqPtsh9NPt0nJO-9Ns-x6jYnA_U5uxaypG6VU6gte78rpu2rP3hhtRl9YknswvOtSIMUU7pAHHHlAYxGmRdKTPzF5Nl9FYetwl-huWuZusanDjnrR3pZjHkjZalEKZxCSAvJ2FaN0RevoQ0wdO731d8Fgluxdf24MjNZwHATG4lR9kBF-knDCBClmBc5-p5dheb4hakxeVnl8Euf0kCAtSe3pSFA.skft-zA5zI1rRNuz1FQDifMdnKwHzVdhw0MI-9G0q5Q&dib_tag=se&keywords=apple+airpods&qid=1782668807,https://m.media-amazon.com/images/I/61SQij5URHL._AC_UY218_.jpg
Apple,,5.0,12,https://www.amazon.com/Apple-Generation-Wireless-Charging-Warranty/dp/B0DFD1SHBS/ref=sr_1_33?dib=eyJ2IjoiMSJ9.K_vz6glaVicScXsXYJdbPniLbF-vfiWAOPCiB77LfZbjqTszeJApxIU8os9MuFyRvO1fqIZ2xMadiZuHZiQj6fWgFrJnO3v_02WvheQgsIE3dYi1hoESz60g5jk-juK1U0mbea_Mh_DcuJiYYYWonkwgDwjXWnoX9yKhpTZwarCxtJKUVQI8Nn9DIk0W8O7_jVq1REuNQuev7L5YgvfmeT_NSjE-wVmzFroQsIRVy9s.V81XnJoGP43ibNLfqwyx1eMnpiu0uO7nMD1BJshOQM0&dib_tag=se&keywords=apple+airpods&qid=1782668809,https://m.media-amazon.com/images/I/41QztOA1UuL._AC_UY218_.jpg
Bose,,3.9,8500,https://www.amazon.com/Bose-QuietComfort-Earbuds-White-Smoke/dp/B0D8BT4BRN/ref=sr_1_34?dib=eyJ2IjoiMSJ9.K_vz6glaVicScXsXYJdbPniLbF-vfiWAOPCiB77LfZbjqTszeJApxIU8os9MuFyRvO1fqIZ2xMadiZuHZiQj6fWgFrJnO3v_02WvheQgsIE3dYi1hoESz60g5jk-juK1U0mbea_Mh_DcuJiYYYWonkwgDwjXWnoX9yKhpTZwarCxtJKUVQI8Nn9DIk0W8O7_jVq1REuNQuev7L5YgvfmeT_NSjE-wVmzFroQsIRVy9s.V81XnJoGP43ibNLfqwyx1eMnpiu0uO7nMD1BJshOQM0&dib_tag=se&keywords=apple+airpods&qid=1782668809,https://m.media-amazon.com/images/I/61SQij5URHL._AC_UY218_.jpg
Samsung,66768.82,4.2,6300,https://www.amazon.com/SAMSUNG-Cancelling-Optimization-Interpreter-Redesigned/dp/B0D9YZJ3V7/ref=sr_1_35?dib=eyJ2IjoiMSJ9.K_vz6glaVicScXsXYJdbPniLbF-vfiWAOPCiB77LfZbjqTszeJApxIU8os9MuFyRvO1fqIZ2xMadiZuHZiQj6fWgFrJnO3v_02WvheQgsIE3dYi1hoESz60g5jk-juK1U0mbea_Mh_DcuJiYYYWonkwgDwjXWnoX9yKhpTZwarCxtJKUVQI8Nn9DIk0W8O7_jVq1REuNQuev7L5YgvfmeT_NSjE-wVmzFroQsIRVy9s.V81XnJoGP43ibNLfqwyx1eMnpiu0uO7nMD1BJshOQM0&dib_tag=se&keywords=apple+airpods&qid=1782668809,https://m.media-amazon.com/images/I/61zW8yc4hTL._AC_UY218_.jpg
Apple,,4.6,382,https://www.amazon.com/Apple-Headphones-Cancellation-Personalized-Translation/dp/B0GSS4SGZR/ref=sr_1_36?dib=eyJ2IjoiMSJ9.K_vz6glaVicScXsXYJdbPniLbF-vfiWAOPCiB77LfZbjqTszeJApxIU8os9MuFyRvO1fqIZ2xMadiZuHZiQj6fWgFrJnO3v_02WvheQgsIE3dYi1hoESz60g5jk-juK1U0mbea_Mh_DcuJiYYYWonkwgDwjXWnoX9yKhpTZwarCxtJKUVQI8Nn9DIk0W8O7_jVq1REuNQuev7L5YgvfmeT_NSjE-wVmzFroQsIRVy9s.V81XnJoGP43ibNLfqwyx1eMnpiu0uO7nMD1BJshOQM0&dib_tag=se&keywords=apple+airpods&qid=1782668809,https://m.media-amazon.com/images/I/71umw2cCkOL._AC_UY218_.jpg
Apple AirPods with Lightning Charging Case (3rd Generation) (Renewed),,4.3,2900,https://www.amazon.com/Apple-AirPods-Lightning-Charging-Generation/dp/B0BNJNP1P6/ref=sr_1_37?dib=eyJ2IjoiMSJ9.K_vz6glaVicScXsXYJdbPniLbF-vfiWAOPCiB77LfZbjqTszeJApxIU8os9MuFyRvO1fqIZ2xMadiZuHZiQj6fWgFrJnO3v_02WvheQgsIE3dYi1hoESz60g5jk-juK1U0mbea_Mh_DcuJiYYYWonkwgDwjXWnoX9yKhpTZwarCxtJKUVQI8Nn9DIk0W8O7_jVq1REuNQuev7L5YgvfmeT_NSjE-wVmzFroQsIRVy9s.V81XnJoGP43ibNLfqwyx1eMnpiu0uO7nMD1BJshOQM0&dib_tag=se&keywords=apple+airpods&qid=1782668809,https://m.media-amazon.com/images/I/41qAokTajpL._AC_UY218_.jpg
Apple AirPods (3rd Generation) (Renewed),24494.05,4.3,6700,https://www.amazon.com/Apple-AirPods-3rd-Generation-Renewed/dp/B09M94KXPN/ref=sr_1_38?dib=eyJ2IjoiMSJ9.K_vz6glaVicScXsXYJdbPniLbF-vfiWAOPCiB77LfZbjqTszeJApxIU8os9MuFyRvO1fqIZ2xMadiZuHZiQj6fWgFrJnO3v_02WvheQgsIE3dYi1hoESz60g5jk-juK1U0mbea_Mh_DcuJiYYYWonkwgDwjXWnoX9yKhpTZwarCxtJKUVQI8Nn9DIk0W8O7_jVq1REuNQuev7L5YgvfmeT_NSjE-wVmzFroQsIRVy9s.V81XnJoGP43ibNLfqwyx1eMnpiu0uO7nMD1BJshOQM0&dib_tag=se&keywords=apple+airpods&qid=1782668809,https://m.media-amazon.com/images/I/41+SGuZhPML._AC_UY218_.jpg
KTGEE,4482.04,4.3,6600,https://www.amazon.com/KTGEE-Bluetooth-Headphones-Waterproof-Earphones/dp/B0D5HG7TC3/ref=sr_1_39?dib=eyJ2IjoiMSJ9.K_vz6glaVicScXsXYJdbPniLbF-vfiWAOPCiB77LfZbjqTszeJApxIU8os9MuFyRvO1fqIZ2xMadiZuHZiQj6fWgFrJnO3v_02WvheQgsIE3dYi1hoESz60g5jk-juK1U0mbea_Mh_DcuJiYYYWonkwgDwjXWnoX9yKhpTZwarCxtJKUVQI8Nn9DIk0W8O7_jVq1REuNQuev7L5YgvfmeT_NSjE-wVmzFroQsIRVy9s.V81XnJoGP43ibNLfqwyx1eMnpiu0uO7nMD1BJshOQM0&dib_tag=se&keywords=apple+airpods&qid=1782668809,https://m.media-amazon.com/images/I/51VxSqysy6L._AC_UY218_.jpg
Hybrid Active Noise Cancelling Wireless Ear Buds 80 Hrs Playtime Hi-Res Stereo Quality Bluetooth Earbuds with Transparency Mode Headphones Bluetooth Earhooks ANC Earphones for Work Sports Travel,27818.72,4.4,54,https://www.amazon.com/Cancelling-Bluetooth-Transparency-Headphones-Earphones/dp/B0H32KNPXW/ref=sr_1_40?dib=eyJ2IjoiMSJ9.K_vz6glaVicScXsXYJdbPniLbF-vfiWAOPCiB77LfZbjqTszeJApxIU8os9MuFyRvO1fqIZ2xMadiZuHZiQj6fWgFrJnO3v_02WvheQgsIE3dYi1hoESz60g5jk-juK1U0mbea_Mh_DcuJiYYYWonkwgDwjXWnoX9yKhpTZwarCxtJKUVQI8Nn9DIk0W8O7_jVq1REuNQuev7L5YgvfmeT_NSjE-wVmzFroQsIRVy9s.V81XnJoGP43ibNLfqwyx1eMnpiu0uO7nMD1BJshOQM0&dib_tag=se&keywords=apple+airpods&qid=1782668809,https://m.media-amazon.com/images/I/71GFoVxpDoL._AC_UY218_.jpg
Beats,,4.6,27000,https://www.amazon.com/Beats-Solo-Ear-Headphones-Compatible/dp/B0CZPHPJLN/ref=sr_1_41?dib=eyJ2IjoiMSJ9.K_vz6glaVicScXsXYJdbPniLbF-vfiWAOPCiB77LfZbjqTszeJApxIU8os9MuFyRvO1fqIZ2xMadiZuHZiQj6fWgFrJnO3v_02WvheQgsIE3dYi1hoESz60g5jk-juK1U0mbea_Mh_DcuJiYYYWonkwgDwjXWnoX9yKhpTZwarCxtJKUVQI8Nn9DIk0W8O7_jVq1REuNQuev7L5YgvfmeT_NSjE-wVmzFroQsIRVy9s.V81XnJoGP43ibNLfqwyx1eMnpiu0uO7nMD1BJshOQM0&dib_tag=se&keywords=apple+airpods&qid=1782668809,https://m.media-amazon.com/images/I/51ullEjK3TL._AC_UY218_.jpg
Beats,24232.53,4.2,89000,https://www.amazon.com/Beats-Studio-Cancelling-Earbuds-Built-Bluetooth-Headphones/dp/B096SV8SJG/ref=sr_1_42?dib=eyJ2IjoiMSJ9.K_vz6glaVicScXsXYJdbPniLbF-vfiWAOPCiB77LfZbjqTszeJApxIU8os9MuFyRvO1fqIZ2xMadiZuHZiQj6fWgFrJnO3v_02WvheQgsIE3dYi1hoESz60g5jk-juK1U0mbea_Mh_DcuJiYYYWonkwgDwjXWnoX9yKhpTZwarCxtJKUVQI8Nn9DIk0W8O7_jVq1REuNQuev7L5YgvfmeT_NSjE-wVmzFroQsIRVy9s.V81XnJoGP43ibNLfqwyx1eMnpiu0uO7nMD1BJshOQM0&dib_tag=se&keywords=apple+airpods&qid=1782668809,https://m.media-amazon.com/images/I/51bRSWrEc7S._AC_UY218_.jpg
Apple,,4.6,382,https://www.amazon.com/Apple-Headphones-Cancellation-Personalized-Translation/dp/B0GSRYXZM5/ref=sr_1_43?dib=eyJ2IjoiMSJ9.K_vz6glaVicScXsXYJdbPniLbF-vfiWAOPCiB77LfZbjqTszeJApxIU8os9MuFyRvO1fqIZ2xMadiZuHZiQj6fWgFrJnO3v_02WvheQgsIE3dYi1hoESz60g5jk-juK1U0mbea_Mh_DcuJiYYYWonkwgDwjXWnoX9yKhpTZwarCxtJKUVQI8Nn9DIk0W8O7_jVq1REuNQuev7L5YgvfmeT_NSjE-wVmzFroQsIRVy9s.V81XnJoGP43ibNLfqwyx1eMnpiu0uO7nMD1BJshOQM0&dib_tag=se&keywords=apple+airpods&qid=1782668809,https://m.media-amazon.com/images/I/71BLGXjQsNL._AC_UY218_.jpg
Bose,,3.9,15800,https://www.amazon.com/Bose-QuietComfort-Cancelling-Personalized-Cancellation/dp/B0B7838HH6/ref=sr_1_44?dib=eyJ2IjoiMSJ9.K_vz6glaVicScXsXYJdbPniLbF-vfiWAOPCiB77LfZbjqTszeJApxIU8os9MuFyRvO1fqIZ2xMadiZuHZiQj6fWgFrJnO3v_02WvheQgsIE3dYi1hoESz60g5jk-juK1U0mbea_Mh_DcuJiYYYWonkwgDwjXWnoX9yKhpTZwarCxtJKUVQI8Nn9DIk0W8O7_jVq1REuNQuev7L5YgvfmeT_NSjE-wVmzFroQsIRVy9s.V81XnJoGP43ibNLfqwyx1eMnpiu0uO7nMD1BJshOQM0&dib_tag=se&keywords=apple+airpods&qid=1782668809,https://m.media-amazon.com/images/I/51RM+UZFwOL._AC_UY218_.jpg
Apple,,4.6,382,https://www.amazon.com/Apple-Headphones-Cancellation-Personalized-Translation/dp/B0GSS72GZJ/ref=sr_1_45?dib=eyJ2IjoiMSJ9.K_vz6glaVicScXsXYJdbPniLbF-vfiWAOPCiB77LfZbjqTszeJApxIU8os9MuFyRvO1fqIZ2xMadiZuHZiQj6fWgFrJnO3v_02WvheQgsIE3dYi1hoESz60g5jk-juK1U0mbea_Mh_DcuJiYYYWonkwgDwjXWnoX9yKhpTZwarCxtJKUVQI8Nn9DIk0W8O7_jVq1REuNQuev7L5YgvfmeT_NSjE-wVmzFroQsIRVy9s.V81XnJoGP43ibNLfqwyx1eMnpiu0uO7nMD1BJshOQM0&dib_tag=se&keywords=apple+airpods&qid=1782668809,https://m.media-amazon.com/images/I/71adUkf5yfL._AC_UY218_.jpg
"Wireless Earbuds Bluetooth 5.4 Headphones with 48H Playtime Ear Buds | Noise Cancelling Mic, LED Power Display Charging Case, IPX7 Waterproof Bass Stereo Earphones for iPhone Android Phone/Laptop",3892.23,4.9,39,https://www.amazon.com/Nequga-Wireless-Bluetooth-Headphones-Playtime/dp/B0GZZVS24N/ref=sr_1_46?dib=eyJ2IjoiMSJ9.K_vz6glaVicScXsXYJdbPniLbF-vfiWAOPCiB77LfZbjqTszeJApxIU8os9MuFyRvO1fqIZ2xMadiZuHZiQj6fWgFrJnO3v_02WvheQgsIE3dYi1hoESz60g5jk-juK1U0mbea_Mh_DcuJiYYYWonkwgDwjXWnoX9yKhpTZwarCxtJKUVQI8Nn9DIk0W8O7_jVq1REuNQuev7L5YgvfmeT_NSjE-wVmzFroQsIRVy9s.V81XnJoGP43ibNLfqwyx1eMnpiu0uO7nMD1BJshOQM0&dib_tag=se&keywords=apple+airpods&qid=1782668809,https://m.media-amazon.com/images/I/614xPbq2C1L._AC_UY218_.jpg
Baseus,30600.87,4.3,1000,https://www.amazon.com/Baseus-Inspire-XC1-Zero-Sense-Waterproof/dp/B0FMRPKN3G/ref=sr_1_47?dib=eyJ2IjoiMSJ9.K_vz6glaVicScXsXYJdbPniLbF-vfiWAOPCiB77LfZbjqTszeJApxIU8os9MuFyRvO1fqIZ2xMadiZuHZiQj6fWgFrJnO3v_02WvheQgsIE3dYi1hoESz60g5jk-juK1U0mbea_Mh_DcuJiYYYWonkwgDwjXWnoX9yKhpTZwarCxtJKUVQI8Nn9DIk0W8O7_jVq1REuNQuev7L5YgvfmeT_NSjE-wVmzFroQsIRVy9s.V81XnJoGP43ibNLfqwyx1eMnpiu0uO7nMD1BJshOQM0&dib_tag=se&keywords=apple+airpods&qid=1782668809,https://m.media-amazon.com/images/I/51rf8EwzQhL._AC_UY218_.jpg
Apple,,4.6,16700,https://www.amazon.com/Apple-Headphones-Cancellation-Transparency-Personalized/dp/B0DGJC52FP/ref=sr_1_48?dib=eyJ2IjoiMSJ9.K_vz6glaVicScXsXYJdbPniLbF-vfiWAOPCiB77LfZbjqTszeJApxIU8os9MuFyRvO1fqIZ2xMadiZuHZiQj6fWgFrJnO3v_02WvheQgsIE3dYi1hoESz60g5jk-juK1U0mbea_Mh_DcuJiYYYWonkwgDwjXWnoX9yKhpTZwarCxtJKUVQI8Nn9DIk0W8O7_jVq1REuNQuev7L5YgvfmeT_NSjE-wVmzFroQsIRVy9s.V81XnJoGP43ibNLfqwyx1eMnpiu0uO7nMD1BJshOQM0&dib_tag=se&keywords=apple+airpods&qid=1782668809,https://m.media-amazon.com/images/I/715izx6g41L._AC_UY218_.jpg
